id;first_name;last_name;full_name;email;phone_number;instagram;photo;id_card;address;birth_place;birth_date
1;Jamarcus;Hartmann;New Hampshire;Vernice63@gmail.com;override Hat partnerships;Stravenue back up;moratorium Consultant;Markets Cross-group;Liaison Industrial;Accounts Dominican Republic quantifying;2019-11-28T02:48:44
2;Augusta;Mueller;Licensed;Samanta_Champlin@hotmail.com;back-end protocol;Plastic;encompassing;evolve plug-and-play;Lithuania;navigating;2019-11-28T08:36:08
3;Isac;Weissnat;XML Sausages;Jerrold_Marvin85@hotmail.com;tan Markets;Solomon Islands;whiteboard EXE;transmitter Soft orange;Incredible utilize Keyboard;Future-proofed Metrics North Carolina;2019-11-27T16:55:47
4;Remington;Marvin;Throughway;Theresa.Moen@gmail.com;Legacy hacking;Cambridgeshire;hacking withdrawal;Sleek Steel Hat;Versatile;San Marino;2019-11-27T16:08:08
5;Bonita;Kemmer;task-force Cambridgeshire;Duane_Breitenberg0@yahoo.com;Kids;withdrawal Shirt;South Carolina;Ferry;Cambridgeshire;Generic Metal Gloves Administrator Devolved;2019-11-28T11:54:04
6;Araceli;Cartwright;data-warehouse Intelligent Saudi Riyal;Liam_Lang@gmail.com;open-source;orange Soap;Suriname models;optical;Ports pink;Iraq Buckinghamshire;2019-11-28T11:04:11
7;Mozelle;Howe;Supervisor Inverse Granite;Aileen58@yahoo.com;Belize Dollar sky blue Savings Account;Sports;Personal Loan Account;primary;Sleek Cotton Computer intermediate withdrawal;compressing Rustic;2019-11-28T03:35:51
8;Brandy;Corwin;customer loyalty alarm Station;Lessie.Huel39@yahoo.com;Interactions Frozen Licensed;throughput Trinidad and Tobago Dollar;Gorgeous stable;Gorgeous Fresh Cheese Stream withdrawal;e-enable Points;Personal Loan Account;2019-11-28T13:42:56
9;Itzel;Larson;Computer matrix Berkshire;Alyson8@hotmail.com;alarm Licensed Steel Computer Books;Buckinghamshire facilitate Green;holistic reboot invoice;e-business;Awesome invoice;Gorgeous Cotton Chair Ergonomic Cambridgeshire;2019-11-27T17:44:30
10;Electa;Sauer;Pre-emptive Coordinator Djibouti Franc;Bobby.Gaylord@gmail.com;Generic Frozen Hat Camp Principal;back-end;Wall;Investment Account;Legacy Slovenia;deposit Steel;2019-11-28T07:11:48
